<?xml version = "1.0" encoding = "UTF-8"?>

<beans xmlns="http://www.springframework.org/schema/beans"
	xmlns:mvc="http://www.springframework.org/schema/mvc"
	xmlns:xsi="http://www.w3.org/2001/XMLSchema-instance"
	xmlns:tx="http://www.springframework.org/schema/tx"
	xmlns:context="http://www.springframework.org/schema/context"
	xsi:schemaLocation="http://www.springframework.org/schema/beans
   http://www.springframework.org/schema/beans/spring-beans.xsd
   http://www.springframework.org/schema/context
   http://www.springframework.org/schema/context/spring-context.xsd
   http://www.springframework.org/schema/mvc
   http://www.springframework.org/schema/mvc/spring-mvc.xsd
   http://www.springframework.org/schema/tx
   http://www.springframework.org/schema/tx/spring-tx.xsd">

   <context:annotation-config />
   <context:component-scan base-package="com.demo"></context:component-scan>

	<bean id="viewResolver"
		class="org.springframework.web.servlet.view.InternalResourceViewResolver">

		<property name="prefix" value="/WEB-INF/views/" />
		<property name="suffix" value=".jsp" />

	</bean>
   
	<mvc:annotation-driven />

	<mvc:resources location="/assets/"
		mapping="/resources/**" />

<tx:annotation-driven proxy-target-class="true" transaction-manager = "hibernateTransactionManager"></tx:annotation-driven>
	

	<bean class="org.springframework.orm.hibernate5.HibernateTransactionManager"
		id="hibernateTransactionManager">
		<property name="sessionFactory" ref="sessionFactory"></property>
	</bean>
	<bean class="org.springframework.orm.hibernate5.LocalSessionFactoryBean"
		id="sessionFactory" primary="true">
		<property name="dataSource" ref="dataSource"></property>
		<property name="packagesToScan" value="com.demo.portal.model"></property>
		<property name="hibernateProperties">
			<props>
				<prop key="hibernate.dialect">org.hibernate.dialect.PostgreSQL94Dialect</prop>
				<prop key="hibernate.show_sql">true</prop>
				<prop key="hibernate.format_sql">true</prop>
				<prop key="hibernate.hbm2ddl.auto">update</prop>
				<prop key="hibernate.jdbc.batch_size">50</prop>
			</props>
		</property>
	</bean>

	 <bean class="org.springframework.jdbc.datasource.DriverManagerDataSource"
		id="dataSource">
		<property name="driverClassName" value="org.postgresql.Driver"></property>
		<property name="url" value="jdbc:postgresql://localhost:5432/postgres"></property>
		<property name="username" value="postgres"></property>
		<property name="password" value="Teju@3098"></property>

	</bean>

   </beans>
